{
    "state": [
        "Alabama",
        "Alaska",
        "Arizona",
        "Arkansas",
        "California",
        "Colorado",
        "Connecticut",
        "Delaware",
        "Florida",
        "Georgia",
        "Hawaii",
        "Idaho",
        "Illinois",
        "Indiana",
        "Iowa",
        "Kansas",
        "Kentucky",
        "Louisiana",
        "Maine",
        "Maryland",
        "Massachusetts",
        "Michigan",
        "Minnesota",
        "Mississippi",
        "Missouri",
        "Montana",
        "Nebraska",
        "Nevada",
        "New Hampshire",
        "New Jersey",
        "New Mexico",
        "New York",
        "North Carolina",
        "North Dakota",
        "Ohio",
        "Oklahoma",
        "Oregon",
        "Pennsylvania",
        "Rhode Island",
        "South Carolina",
        "South Dakota",
        "Tennessee",
        "Texas",
        "Utah",
        "Vermont",
        "Virginia",
        "Washington",
        "West Virginia",
        "Wisconsin",
        "Wyoming"
    ],
    "murder": [
        0.000132,
        0.0001,
        0.000081,
        0.000088,
        0.00009,
        0.000079,
        0.000033,
        0.000059,
        0.000154,
        0.000174,
        0.000053,
        0.000026,
        0.000104,
        0.000072,
        0.000022,
        0.00006,
        0.000097,
        0.000154,
        0.000021,
        0.000113,
        0.000044,
        0.000121,
        0.000027,
        0.000161,
        0.00009,
        0.00006,
        0.000043,
        0.000122,
        0.000021,
        0.000074,
        0.000114,
        0.000111,
        0.00013,
        0.000008,
        0.000073,
        0.000066,
        0.000049,
        0.000063,
        0.000034,
        0.000144,
        0.000038,
        0.000132,
        0.000127,
        0.000032,
        0.000022,
        0.000085,
        0.00004,
        0.000057,
        0.000026,
        0.000068
    ],
    "assault": [
        0.00236,
        0.00263,
        0.00294,
        0.0019,
        0.00276,
        0.00204,
        0.0011,
        0.00238,
        0.00335,
        0.00211,
        0.00046,
        0.0012,
        0.00249,
        0.00113,
        0.00056,
        0.00115,
        0.00109,
        0.00249,
        0.00083,
        0.003,
        0.00149,
        0.00255,
        0.00072,
        0.00259,
        0.00178,
        0.00109,
        0.00102,
        0.00252,
        0.00057,
        0.00159,
        0.00285,
        0.00254,
        0.00337,
        0.00045,
        0.0012,
        0.00151,
        0.00159,
        0.00106,
        0.00174,
        0.00279,
        0.00086,
        0.00188,
        0.00201,
        0.0012,
        0.00048,
        0.00156,
        0.00145,
        0.00081,
        0.00053,
        0.00161
    ],
    "urbanPop": [
        0.58,
        0.48,
        0.8,
        0.5,
        0.91,
        0.78,
        0.77,
        0.72,
        0.8,
        0.6,
        0.83,
        0.54,
        0.83,
        0.65,
        0.57,
        0.66,
        0.52,
        0.66,
        0.51,
        0.67,
        0.85,
        0.74,
        0.66,
        0.44,
        0.7,
        0.53,
        0.62,
        0.81,
        0.56,
        0.89,
        0.7,
        0.86,
        0.45,
        0.44,
        0.75,
        0.68,
        0.67,
        0.72,
        0.87,
        0.48,
        0.45,
        0.59,
        0.8,
        0.8,
        0.32,
        0.63,
        0.73,
        0.39,
        0.66,
        0.6
    ],
    "rape": [
        0.000212,
        0.000445,
        0.00031,
        0.000195,
        0.000406,
        0.000387,
        0.000111,
        0.000158,
        0.000319,
        0.000258,
        0.000202,
        0.000142,
        0.00024,
        0.00021,
        0.000113,
        0.00018,
        0.000163,
        0.000222,
        0.000078,
        0.000278,
        0.000163,
        0.000351,
        0.000149,
        0.000171,
        0.000282,
        0.000164,
        0.000165,
        0.00046,
        0.000095,
        0.000188,
        0.000321,
        0.000261,
        0.000161,
        0.000073,
        0.000214,
        0.0002,
        0.000293,
        0.000149,
        0.000083,
        0.000225,
        0.000128,
        0.000269,
        0.000255,
        0.000229,
        0.000112,
        0.000207,
        0.000262,
        0.000093,
        0.000108,
        0.000156
    ]
}